Company Name,Website
Sequoia Capital,sequoiacap.com
Andreessen Horowitz,a16z.com
Accel,accel.com
DST Global,dst-global.com
Tiger Global Management,tigerglobal.com
Index Ventures,indexventures.com
Lightspeed Venture Partners,lsvp.com
Thrive Capital,thrivecap.com
Founders Fund,foundersfund.com
ICONIQ,iconiqcapital.com
Kleiner Perkins,kleinerperkins.com
NEA,nea.com
Greylock,greylock.com
Bessemer Venture Partners,bvp.com
Khosla Ventures,khoslaventures.com
General Catalyst,generalcatalyst.com
Ribbit Capital,ribbitcap.com
Parkway Venture Capital,
General Atlantic,generalatlantic.com
Notable Capital,notablecap.com
IVP,ivp.com
Altimeter Capital,altimeter.com
Mayfield,mayfield.com
Sutter Hill Ventures,shv.com
OrbiMed,orbimed.com
Insight Partners,insightpartners.com
Coatue,coatue.com
Spark Capital,sparkcapital.com
SV Angel,svangel.com
Battery Ventures,battery.com
Bedrock Capital,
Paradigm,paradigm.xyz
Oak HC/FT,oakhcft.com
Atlas Venture,atlasventure.com
Venrock,venrock.com
Meritech Capital,meritechcapital.com
Norwest Venture Partners,nvp.com
CRV,crv.com
Bain Capital Ventures,baincapitalventures.com
Menlo Ventures,menlovc.com
Greenoaks,greenoaks.com
8VC,8vc.com
TCV,tcv.com
ARCH Venture Partners,archventure.com
Union Square Ventures,usv.com
Matrix,matrix.vc
Factorial Funds,
Sapphire Ventures,sapphireventures.com
Valor Equity Partners,valorep.com
U.S. Venture Partners,usvp.com
Disruptive,
Future Ventures,future.ventures
Madrona,madrona.com
Amplify Partners,amplifypartners.com
Versant Ventures,versantventures.com
Revolution,revolution.com
True Ventures,trueventures.com
Addition,addition.com
Caffeinated Capital,
DCVC,dcvc.com
FirstMark Capital,firstmark.com
Flybridge,flybridge.com
Playground Global,playground.global
Bolt,bolt.io
venBio,venbio.com
Felicis,felicis.com
Sofinnova Investments,
Pantera Capital,panteracapital.com
Initialized Capital,initialized.com
F-Prime Capital,fprimecapital.com
Wing Venture Capital,wing.vc
Tidemark,
Scale Venture Partners,scalevp.com
Canaan Partners,canaan.com
Multicoin Capital,multicoin.capital
Primary Venture Partners,primary.vc
Maverick Ventures,
NeoTribe Ventures,
HOF Capital,
Two Sigma Ventures,
Gradient Ventures,
Third Rock Ventures,thirdrockventures.com
Greycroft,greycroft.com
Craft Ventures,craftventures.com
Goodwater Capital,goodwatercap.com
Polychain Capital,polychain.capital
Haun Ventures,haun.co
CAVU Venture Partners,
Zigg Capital,
