First name,Email,Company,Opener
Nathan,nathan@airstreet.com,Air Street Capital,"Your State of AI Report tracks the shift to RL post-training, and Air Street backs AI-first companies from seed; we're building for that shift, starting with finance."
Sarah,sarah@conviction.com,Conviction,Conviction led Trajectory's seed for continual learning in May; we build the finance environments where that kind of learning gets scored against real outcomes.
Vivek,vivek@madrona.com,Madrona,"You co-led Gray Swan's Series A after hearing a chorus of praise from frontier labs; we sell those same labs RL environments and verifiers, starting with finance."
Deedy,deedy@menlovc.com,Menlo Ventures,"Your July map counted 50+ companies selling data and RL environments to labs, with most revenue in four players; we're a finance-specialist entrant with quant founders and our own experts."
Chris,chris@wing.vc,Wing VC,"Your RL environments piece argued verification, not model capability, is what makes automation durable; verifiers are the core of what we build for finance."
Amino Capital team,bp@aminocapital.com,Amino Capital,
Conviction team,embed@conviction.com,Conviction,Could you pass this to Sarah Guo? Conviction led Trajectory's seed for continual learning in May; we build the finance environments where that kind of learning gets scored against real outcomes.
Eniac Ventures team,pitch@eniac.vc,Eniac Ventures,Could you pass this to Hadley Harris? Eniac joined Origin Lab's seed to turn game worlds into AI training data; we turn financial markets into RL environments for the same labs.
General Catalyst team,seed@generalcatalyst.com,General Catalyst,"Could you pass this to Yuri Sagalov? You led Arga's seed and argued that repeatable sandboxes matter even more for agents; we've built that for finance, where outcomes settle in real markets."
HRT Ventures team,strategicvc@hudson-trading.com,HRT Ventures,"HRT Ventures joined Vals AI's Series A in August; we build trading RL environments, and our founders come from the same quant world."
Mayfield team,aistart@mayfield.com,Mayfield,"Could you pass this to Vijay Reddy? Mayfield backed Bespoke Labs on the view that agents depend on data, environments and evaluation; we build all three for finance, from trading to month-end close."
The House Fund team,build@thehouse.fund,The House Fund,Could you pass this to Jeremy Fiance? The House Fund backed Veris AI's seed for simulated environments that train enterprise agents; we build those environments for finance.
Tower Research Ventures team,ventures@tower-research.com,Tower Research Ventures,Could you pass this to Jared Young? TRV has been hosting AI x Wall Street and AI-agent events for the trading world; we're ex-quants building RL environments that train agents on real market data.
Cambridge Angels team,info@cambridgeangels.net,Cambridge Angels,"SimReal, co-founded by a current Cambridge maths undergrad and already delivering agent and expert data orders, would like to present to Cambridge Angels members."
Dell Technologies Capital team,delltechcapital@dell.com,Dell Technologies Capital,"Could you pass this to Daniel Docter? DTC backed Prime Intellect on the belief that intelligence should be owned, not rented; we build the RL environments companies need to train their own models, starting with finance."
Fusion Fund team,info@fusionfund.com,Fusion Fund,Could you pass this to Lu Zhang? You led AgileRL's seed calling reinforcement learning the gold standard of AI training; we build the finance environments and verifiers that make RL work outside the lab.
Kindred Ventures team,hello@kindredventures.com,Kindred Ventures,"Could you pass this to Kanyi Maqubela? Kindred led Scorecard's seed to test AI agents across thousands of simulated scenarios; we build the environments and verifiers that train those agents, starting with finance."
Laude Ventures team,hello@laude.vc,Laude Ventures,"Could you pass this to Andy Konwinski? Laude described backing Arena as turning research-driven evaluation into AI infrastructure; we're doing that for finance, where models are scored by real market outcomes."
Lux Capital team,info@luxcapital.com,Lux Capital,"Could you pass this to Grace Isford? Lux backed Applied Compute twice as enterprises start training their own models; we supply the RL environments and expert data those runs need, starting with finance and accounting."
