供应商,客户或合作方,客户类型,关系类型,工作内容或领域,原文证据,来源链接,来源日期,来源类型,置信度
海天瑞声 SpeechOcean/DataOcean AI,阿里巴巴,科技大厂,财报披露,AI训练数据（语音/视觉/NLP）,产品和服务已获得阿里巴巴、腾讯、百度、科大讯飞、海康威视、字节跳动、微软、亚马逊、三星、中国移动…等国内外客户的认可,https://stockmc.xueqiu.com/202604/688787_20260424_M2WS.pdf,2026-04-24,年报（2025年年度报告，搜索摘要）,高
海天瑞声 SpeechOcean/DataOcean AI,腾讯,科技大厂,财报披露,AI训练数据（语音/视觉/NLP）,产品和服务已获得阿里巴巴、腾讯、百度、科大讯飞、海康威视、字节跳动、微软、亚马逊、三星、中国移动…等国内外客户的认可,https://stockmc.xueqiu.com/202604/688787_20260424_M2WS.pdf,2026-04-24,年报（2025年年度报告，搜索摘要）,高
海天瑞声 SpeechOcean/DataOcean AI,百度,科技大厂,财报披露,AI训练数据（语音/视觉/NLP）,产品和服务已获得阿里巴巴、腾讯、百度、科大讯飞、海康威视、字节跳动、微软、亚马逊、三星、中国移动…等国内外客户的认可,https://stockmc.xueqiu.com/202604/688787_20260424_M2WS.pdf,2026-04-24,年报（2025年年度报告，搜索摘要）,高
海天瑞声 SpeechOcean/DataOcean AI,科大讯飞,国内大模型公司,财报披露,AI训练数据（语音/视觉/NLP）,产品和服务已获得阿里巴巴、腾讯、百度、科大讯飞、海康威视、字节跳动、微软、亚马逊、三星、中国移动…等国内外客户的认可,https://stockmc.xueqiu.com/202604/688787_20260424_M2WS.pdf,2026-04-24,年报（2025年年度报告，搜索摘要）,高
海天瑞声 SpeechOcean/DataOcean AI,海康威视,企业,财报披露,AI训练数据（语音/视觉/NLP）,产品和服务已获得阿里巴巴、腾讯、百度、科大讯飞、海康威视、字节跳动、微软、亚马逊、三星、中国移动…等国内外客户的认可,https://stockmc.xueqiu.com/202604/688787_20260424_M2WS.pdf,2026-04-24,年报（2025年年度报告，搜索摘要）,高
海天瑞声 SpeechOcean/DataOcean AI,字节跳动,科技大厂,财报披露,AI训练数据（语音/视觉/NLP）,产品和服务已获得阿里巴巴、腾讯、百度、科大讯飞、海康威视、字节跳动、微软、亚马逊、三星、中国移动…等国内外客户的认可,https://stockmc.xueqiu.com/202604/688787_20260424_M2WS.pdf,2026-04-24,年报（2025年年度报告，搜索摘要）,高
海天瑞声 SpeechOcean/DataOcean AI,微软,frontier lab,财报披露,AI训练数据（语音/视觉/NLP）,产品和服务已获得阿里巴巴、腾讯、百度、科大讯飞、海康威视、字节跳动、微软、亚马逊、三星、中国移动…等国内外客户的认可,https://stockmc.xueqiu.com/202604/688787_20260424_M2WS.pdf,2026-04-24,年报（2025年年度报告，搜索摘要）,高
海天瑞声 SpeechOcean/DataOcean AI,亚马逊,科技大厂,财报披露,AI训练数据（语音/视觉/NLP）,产品和服务已获得阿里巴巴、腾讯、百度、科大讯飞、海康威视、字节跳动、微软、亚马逊、三星、中国移动…等国内外客户的认可,https://stockmc.xueqiu.com/202604/688787_20260424_M2WS.pdf,2026-04-24,年报（2025年年度报告，搜索摘要）,高
海天瑞声 SpeechOcean/DataOcean AI,三星,企业,财报披露,AI训练数据（语音/视觉/NLP）,产品和服务已获得阿里巴巴、腾讯、百度、科大讯飞、海康威视、字节跳动、微软、亚马逊、三星、中国移动…等国内外客户的认可,https://stockmc.xueqiu.com/202604/688787_20260424_M2WS.pdf,2026-04-24,年报（2025年年度报告，搜索摘要）,高
海天瑞声 SpeechOcean/DataOcean AI,中国移动,企业,财报披露,AI训练数据（语音/视觉/NLP）,产品和服务已获得阿里巴巴、腾讯、百度、科大讯飞、海康威视、字节跳动、微软、亚马逊、三星、中国移动…等国内外客户的认可,https://stockmc.xueqiu.com/202604/688787_20260424_M2WS.pdf,2026-04-24,年报（2025年年度报告，搜索摘要）,高
海天瑞声 SpeechOcean/DataOcean AI,中国科学院,高校研究机构,财报披露,AI训练数据（语音/视觉/NLP）,产品和服务已获得阿里巴巴、腾讯、百度、科大讯飞、海康威视、字节跳动、微软、亚马逊、三星、中国移动…等国内外客户的认可,https://stockmc.xueqiu.com/202604/688787_20260424_M2WS.pdf,2026-04-24,年报（2025年年度报告，搜索摘要）,高
海天瑞声 SpeechOcean/DataOcean AI,清华大学,高校研究机构,财报披露,AI训练数据（语音/视觉/NLP）,产品和服务已获得阿里巴巴、腾讯、百度、科大讯飞、海康威视、字节跳动、微软、亚马逊、三星、中国移动…等国内外客户的认可,https://stockmc.xueqiu.com/202604/688787_20260424_M2WS.pdf,2026-04-24,年报（2025年年度报告，搜索摘要）,高
海天瑞声 SpeechOcean/DataOcean AI,字节跳动,科技大厂,客户,智能语音/计算机视觉/NLP数据；可提供文生视频等大模型训练数据,字节跳动一直以来是公司的重要客户，公司为其提供智能语音、计算机视觉以及自然语言等各类数据产品或服务,https://www.cls.cn/detail/1858626,未知（互动平台回复）,媒体报道（财联社，搜索摘要）,中
海天瑞声 SpeechOcean/DataOcean AI,腾讯/阿里/百度/字节跳动,科技大厂,客户,AI训练数据，含大模型相关数据服务,腾讯、阿里、百度、字节跳动等互联网头部企业一直以来都是公司所服务的重要客户,https://finance.sina.com.cn/stock/relnews/cn/2023-04-03/doc-imypahkp3343299.shtml,2023-04-03,媒体报道（互动平台回复转载）,低
海天瑞声 SpeechOcean/DataOcean AI,微软,frontier lab,财报披露,多语种语音等训练数据（2018-2020前五大客户）,微软、阿里巴巴、腾讯、三星稳居前五大客户，微软销售占比逐年提升,https://www.thepaper.cn/newsDetail_forward_21991574,2023-02,媒体报道（引招股书，搜索摘要）,低
海天瑞声 SpeechOcean/DataOcean AI,三星,企业,客户变动（停止合作等）,语音数据；2020年销售额大幅下滑,三星销售额从2019年的4762.96万元骤降至2020年的1383.66万元,https://www.thepaper.cn/newsDetail_forward_21991574,2023-02,媒体报道（引招股书，搜索摘要）,低
海天瑞声 SpeechOcean/DataOcean AI,亚马逊,科技大厂,财报披露,2019年前五大客户,2019年位居前五大客户榜单企业为三星、微软、阿里巴巴、亚马逊、腾讯,https://www.jiemian.com/article/6480308.html,2021-08,媒体报道（引招股书，搜索摘要）,低
海天瑞声 SpeechOcean/DataOcean AI,中国科学院自动化研究所,高校研究机构,合作,大模型数据处理技术、大模型数据集供给、大模型评测,已与中国科学院自动化研究所、澜舟科技、智谱AI等大模型领域知名机构签署了合作协议,https://finance.sina.com.cn/7x24/2024-03-15/doc-inankyam8455420.shtml,2024-03-15,媒体报道（互动平台回复，搜索摘要）,中
海天瑞声 SpeechOcean/DataOcean AI,澜舟科技,国内大模型公司,合作,大模型数据处理技术、大模型数据集供给、大模型评测,已与中国科学院自动化研究所、澜舟科技、智谱AI等大模型领域知名机构签署了合作协议,https://finance.sina.com.cn/7x24/2024-03-15/doc-inankyam8455420.shtml,2024-03-15,媒体报道（互动平台回复，搜索摘要）,中
海天瑞声 SpeechOcean/DataOcean AI,智谱AI,国内大模型公司,合作,大模型数据处理技术、大模型数据集供给、大模型评测,已与中国科学院自动化研究所、澜舟科技、智谱AI等大模型领域知名机构签署了合作协议,https://finance.sina.com.cn/7x24/2024-03-15/doc-inankyam8455420.shtml,2024-03-15,媒体报道（互动平台回复，搜索摘要）,中
海天瑞声 SpeechOcean/DataOcean AI,中国信通院,政府,合作,大模型数据处理技术、大模型数据集供给、大模型评测,已与中国科学院自动化研究所、澜舟科技、智谱AI等大模型领域知名机构签署了合作协议,https://finance.sina.com.cn/7x24/2024-03-15/doc-inankyam8455420.shtml,2024-03-15,媒体报道（互动平台回复，搜索摘要）,中
海天瑞声 SpeechOcean/DataOcean AI,循环智能,AI 应用公司,共建基准,高质量中文大模型训练数据集共建项目,携手中科院自动化所、中国信通院泰尔实验室、智谱AI、澜舟科技、循环智能…打造高质量中文大模型训练数据集共建项目,https://news.sina.cn/sx/2023-07-04/detail-imyzpftt1007246.d.html,2023-07-04,媒体报道,低
海天瑞声 SpeechOcean/DataOcean AI,人形机器人数据训练中心（北京石景山）,其他,合作,具身智能数据训练场：数据资源开发、训练中心建设,海天瑞声…与人形机器人数据训练中心负责人郑随兵共同为训练场揭牌,http://jjckb.xinhuanet.com/20250818/8f557e281a1c4d6b9d23921f76a93bb2/c.html,2025-08-18,媒体报道（经济参考报）,中
海天瑞声 SpeechOcean/DataOcean AI,乐聚机器人,垂直 AI,合作,人形机器人数据采集、训练场落地、数据标准,双方将在数据采集、训练场落地、数据标准制定及供应链建设等方面开展深入合作,https://www.takefoto.cn/news/2025/09/26/11324530.shtml,2025-09-26,媒体报道（北晚在线）,中
海天瑞声 SpeechOcean/DataOcean AI,觅蜂科技（蜂巢数据共创行动）,垂直 AI,合作,物理AI/具身智能数据规模化采集与治理,海天瑞声作为生态伙伴正式加入觅蜂科技的蜂巢数据共创行动,https://news.pedaily.cn/202605/564205.shtml,2026-05,媒体报道（投资界）,中
海天瑞声 SpeechOcean/DataOcean AI,月之暗面,国内大模型公司,客户变动（停止合作等）,否认合作,截至公告披露日，公司未与北京月之暗面科技有限公司开展业务合作,https://www.cls.cn/detail/1627621,2024-03-22,公告/媒体报道,高
光轮智能 Lightwheel,英伟达,科技大厂,合作,仿真资产/合成数据/评测,合作伙伴涵盖英伟达、谷歌、Figure AI、1X Technologies…阿里、智元机器人…比亚迪、吉利等,https://finance.sina.com.cn/wm/2026-03-12/doc-inhqtcut4893757.shtml,2026-03-12,融资稿/媒体报道,中
光轮智能 Lightwheel,谷歌,frontier lab,合作,仿真资产/合成数据/评测,合作伙伴涵盖英伟达、谷歌、Figure AI、1X Technologies…阿里、智元机器人…比亚迪、吉利等,https://finance.sina.com.cn/wm/2026-03-12/doc-inhqtcut4893757.shtml,2026-03-12,融资稿/媒体报道,中
光轮智能 Lightwheel,Figure AI、1X Technologies,垂直AI,合作,仿真资产/合成数据/评测,合作伙伴涵盖英伟达、谷歌、Figure AI、1X Technologies…阿里、智元机器人…比亚迪、吉利等,https://finance.sina.com.cn/wm/2026-03-12/doc-inhqtcut4893757.shtml,2026-03-12,融资稿/媒体报道,中
光轮智能 Lightwheel,阿里,科技大厂,合作,仿真资产/合成数据/评测,合作伙伴涵盖英伟达、谷歌、Figure AI、1X Technologies…阿里、智元机器人…比亚迪、吉利等,https://finance.sina.com.cn/wm/2026-03-12/doc-inhqtcut4893757.shtml,2026-03-12,融资稿/媒体报道,中
光轮智能 Lightwheel,智元机器人、银河通用机器人,垂直AI,合作,仿真资产/合成数据/评测,合作伙伴涵盖英伟达、谷歌、Figure AI、1X Technologies…阿里、智元机器人…比亚迪、吉利等,https://finance.sina.com.cn/wm/2026-03-12/doc-inhqtcut4893757.shtml,2026-03-12,融资稿/媒体报道,中
光轮智能 Lightwheel,丰田、博世、比亚迪、吉利,企业,合作,仿真资产/合成数据/评测,合作伙伴涵盖英伟达、谷歌、Figure AI、1X Technologies…阿里、智元机器人…比亚迪、吉利等,https://finance.sina.com.cn/wm/2026-03-12/doc-inhqtcut4893757.shtml,2026-03-12,融资稿/媒体报道,中
光轮智能 Lightwheel,Google DeepMind、英伟达、迪士尼研究院、丰田研究院,frontier lab,合作,Newton开源物理引擎指导委员会,加入开源GPU加速物理引擎Newton，与谷歌DeepMind、英伟达…引领推动,https://news.bjd.com.cn/2026/05/29/11773323.shtml,2026-05-29,媒体报道/搜索摘要,中
光轮智能 Lightwheel,NVIDIA 英伟达,科技大厂,合作,Isaac Lab-Arena 评测/任务层共建；GR00T 模型部署；合成数据,Isaac Lab-Arena...evaluation and task layers designed in close collaboration with Lightwheel,https://www.nvidia.com/en-us/case-studies/lightwheel/,2026,NVIDIA 官方客户案例（搜索摘要）,高
光轮智能 Lightwheel,Google DeepMind,frontier lab,官网客户墙（转述）,仿真资产与合成数据集用于具身智能,"partners including Google DeepMind, Figure, AgiBot, ByteDance, Geely, and BYD leverage the Lightwheel Simulation Platform",https://www.nvidia.com/en-us/case-studies/lightwheel/,2026,NVIDIA 客户案例（搜索摘要）,中
光轮智能 Lightwheel,Figure AI,垂直 AI,客户,具身仿真/合成数据,客户覆盖英伟达、谷歌、Figure AI、1X Technologies、字节、阿里…,https://news.qq.com/rain/a/20260311A055JX00,2026-03-11,媒体（融资通稿，搜索摘要）,中
光轮智能 Lightwheel,1X Technologies,垂直 AI,客户,具身仿真/合成数据,客户覆盖英伟达、谷歌、Figure AI、1X Technologies…,https://news.qq.com/rain/a/20260311A055JX00,2026-03-11,媒体（融资通稿，搜索摘要）,中
光轮智能 Lightwheel,字节跳动,科技大厂,客户,具身仿真资产与合成数据,客户覆盖…字节、阿里、智元机器人、银河通用机器人…,https://news.qq.com/rain/a/20260311A055JX00,2026-03-11,媒体（融资通稿，搜索摘要）,中
光轮智能 Lightwheel,阿里巴巴,科技大厂,客户,具身仿真资产与合成数据,客户覆盖…字节、阿里…,https://news.qq.com/rain/a/20260311A055JX00,2026-03-11,媒体（融资通稿，搜索摘要）,中
光轮智能 Lightwheel,智元机器人 AgiBot,垂直 AI,客户,具身仿真/合成数据,客户覆盖…智元机器人、银河通用机器人…,https://news.qq.com/rain/a/20260311A055JX00,2026-03-11,媒体（融资通稿，搜索摘要）,中
光轮智能 Lightwheel,银河通用 Galbot,垂直 AI,客户,具身仿真/合成数据,客户覆盖…银河通用机器人、丰田、博世…,https://news.qq.com/rain/a/20260311A055JX00,2026-03-11,媒体（融资通稿，搜索摘要）,中
光轮智能 Lightwheel,丰田 Toyota,企业,客户,具身仿真/合成数据,客户覆盖…丰田、博世、比亚迪、吉利等,https://news.qq.com/rain/a/20260311A055JX00,2026-03-11,媒体（融资通稿，搜索摘要）,中
光轮智能 Lightwheel,博世 Bosch,企业,客户,仿真/合成数据,客户覆盖…丰田、博世、比亚迪、吉利等,https://news.qq.com/rain/a/20260311A055JX00,2026-03-11,媒体（融资通稿，搜索摘要）,中
光轮智能 Lightwheel,比亚迪 BYD,企业,客户,仿真/合成数据,客户覆盖…比亚迪、吉利等国内外企业,https://news.qq.com/rain/a/20260311A055JX00,2026-03-11,媒体（融资通稿，搜索摘要）,中
光轮智能 Lightwheel,吉利 Geely,企业,合作,GR00T N1.5 部署于吉利工厂 Unitree H1 人形机器人,deployed GR00T N1.5 foundation models in Unitree H1 humanoid robots at Geely's live automotive factory,https://www.nvidia.com/en-us/case-studies/lightwheel/,2026,NVIDIA 客户案例（搜索摘要）,中
标贝科技 DataBaker,微软,frontier lab,官网客户墙（转述）,语音合成/识别数据及TTS定制,已与微软、百度、阿里、腾讯、京东、滴滴、字节跳动、网易、360、三星、小鹏、美的…中国银行等百余家企业客户建立合作,https://www.fromgeek.com/corp/1243-518640.html,未知,企业专栏/百科（搜索摘要）,低
标贝科技 DataBaker,百度,科技大厂,官网客户墙（转述）,语音合成/识别数据及TTS定制,已与微软、百度、阿里、腾讯、京东、滴滴、字节跳动、网易、360、三星、小鹏、美的…中国银行等百余家企业客户建立合作,https://www.fromgeek.com/corp/1243-518640.html,未知,企业专栏/百科（搜索摘要）,低
标贝科技 DataBaker,阿里巴巴,科技大厂,官网客户墙（转述）,语音合成/识别数据及TTS定制,已与微软、百度、阿里、腾讯、京东、滴滴、字节跳动、网易、360、三星、小鹏、美的…中国银行等百余家企业客户建立合作,https://www.fromgeek.com/corp/1243-518640.html,未知,企业专栏/百科（搜索摘要）,低
标贝科技 DataBaker,腾讯,科技大厂,官网客户墙（转述）,语音合成/识别数据及TTS定制,已与微软、百度、阿里、腾讯、京东、滴滴、字节跳动、网易、360、三星、小鹏、美的…中国银行等百余家企业客户建立合作,https://www.fromgeek.com/corp/1243-518640.html,未知,企业专栏/百科（搜索摘要）,低
标贝科技 DataBaker,字节跳动,科技大厂,官网客户墙（转述）,语音合成/识别数据及TTS定制,已与微软、百度、阿里、腾讯、京东、滴滴、字节跳动、网易、360、三星、小鹏、美的…中国银行等百余家企业客户建立合作,https://www.fromgeek.com/corp/1243-518640.html,未知,企业专栏/百科（搜索摘要）,低
标贝科技 DataBaker,京东,科技大厂,官网客户墙（转述）,语音合成/识别数据及TTS定制,已与微软、百度、阿里、腾讯、京东、滴滴、字节跳动、网易、360、三星、小鹏、美的…中国银行等百余家企业客户建立合作,https://www.fromgeek.com/corp/1243-518640.html,未知,企业专栏/百科（搜索摘要）,低
标贝科技 DataBaker,滴滴,科技大厂,官网客户墙（转述）,语音合成/识别数据及TTS定制,已与微软、百度、阿里、腾讯、京东、滴滴、字节跳动、网易、360、三星、小鹏、美的…中国银行等百余家企业客户建立合作,https://www.fromgeek.com/corp/1243-518640.html,未知,企业专栏/百科（搜索摘要）,低
标贝科技 DataBaker,小鹏汽车,企业,官网客户墙（转述）,语音合成/识别数据及TTS定制,已与微软、百度、阿里、腾讯、京东、滴滴、字节跳动、网易、360、三星、小鹏、美的…中国银行等百余家企业客户建立合作,https://www.fromgeek.com/corp/1243-518640.html,未知,企业专栏/百科（搜索摘要）,低
标贝科技 DataBaker,中国银行,金融机构,官网客户墙（转述）,语音合成/识别数据及TTS定制,已与微软、百度、阿里、腾讯、京东、滴滴、字节跳动、网易、360、三星、小鹏、美的…中国银行等百余家企业客户建立合作,https://www.fromgeek.com/corp/1243-518640.html,未知,企业专栏/百科（搜索摘要）,低
标贝科技 DataBaker,喜马拉雅/Rokid/Roobo,AI 应用公司,官网客户墙（转述）,语音合成数据与解决方案,获得百度、滴滴、腾讯、喜马拉雅小雅音箱、芋头科技Rokid、Roobo机器人等大客户的长期稳定合作,https://36kr.com/p/1721970114561,2019前后,媒体报道（36氪，搜索摘要）,低
数据堂 Datatang,毫末智行,垂直 AI,财报披露,2022年前五大客户（自动驾驶/语音等训练数据）,2022年财报显示前五大客户…毫末智行，年度销售占比14.04%,https://www.jiemian.com/article/10687034.html,2024-01,媒体报道（引2022年报，搜索摘要）,中
数据堂 Datatang,Phantom AI,垂直 AI,财报披露,2022年前五大客户（自动驾驶/语音等训练数据）,2022年财报显示前五大客户…Phantom AI，年度销售占比5.76%,https://www.jiemian.com/article/10687034.html,2024-01,媒体报道（引2022年报，搜索摘要）,中
数据堂 Datatang,BOUNTY COUNTRY PTY LTD,其他,财报披露,2022年前五大客户（自动驾驶/语音等训练数据）,2022年财报显示前五大客户…BOUNTY COUNTRY PTY LTD，年度销售占比4.59%,https://www.jiemian.com/article/10687034.html,2024-01,媒体报道（引2022年报，搜索摘要）,中
数据堂 Datatang,百度（中国）有限公司,科技大厂,财报披露,2022年前五大客户（自动驾驶/语音等训练数据）,2022年财报显示前五大客户…百度（中国）有限公司，年度销售占比3.85%,https://www.jiemian.com/article/10687034.html,2024-01,媒体报道（引2022年报，搜索摘要）,中
数据堂 Datatang,腾讯科技（成都）有限公司,科技大厂,财报披露,2022年前五大客户（自动驾驶/语音等训练数据）,2022年财报显示前五大客户…腾讯科技（成都）有限公司，年度销售占比3.45%,https://www.jiemian.com/article/10687034.html,2024-01,媒体报道（引2022年报，搜索摘要）,中
数据堂 Datatang,鹏城实验室,高校研究机构,财报披露,AI评测测试业务（2023年新增主要客户）,“其他服务”2023年收入6019万元…AI评测测试业务，鹏城实验室为主要新增客户,https://xinsanban.eastmoney.com/Article/NoticeContent?id=AN202407101637763439,2024-07-10,问询函回复（搜索摘要）,中
数据堂 Datatang,诠视科技,垂直 AI,合作,具身智能数据战略合作,数据堂于2026年8月与诠视科技开启具身智能战略合作,https://datatang.com/news,2026-08,官网新闻（搜索摘要）,低
数据堂 Datatang,开放传神 OpenCSG,AI应用公司,合作,训练数据资源共享与开源生态,与开放传神（OpenCSG）达成战略合作,https://datatang.com/news,2025,官网新闻/搜索摘要,中
数据堂 Datatang,灵心巧手,垂直AI,合作,具身智能数据,与灵心巧手签署战略合作协议…具身智能,https://datatang.com/news,2025,官网新闻/搜索摘要,中
Abaka AI（2077AI）,字节跳动 Seed（豆包大模型团队）、M-A-P,科技大厂,共建基准,SuperGPQA 285学科研究生级评测集,作者名单：…Jiaheng Liu and Qunshu Lin and Wenhao Huang and Ge Zhang（论文亦列2077AI合作，后者为搜索摘要）,https://raw.githubusercontent.com/SuperGPQA/SuperGPQA/main/README.md,2025-02,论文/GitHub,中
Abaka AI（2077AI）,字节跳动 Seed、港科大、北大、清华,科技大厂,共建基准,REER逆向工程推理（开放式生成）论文，2077AI为署名机构,2077AI appears as an affiliation…alongside ByteDance Seed,https://arxiv.org/html/2509.06160v1,2025-09,论文/搜索摘要,中
Abaka AI（2077AI）,M-A-P、东京大学、卡内基梅隆大学,高校研究机构,共建基准,KINA知识评测基准,"KINA is developed through a collaboration among 2077AI, M-A-P, the University of Tokyo, and CMU",https://arxiv.org/pdf/2606.05104,2026-06,论文/搜索摘要,中
Abaka AI（2077AI）,MMAR音频推理基准合作方,高校研究机构,共建基准,语音/音频/音乐深度推理评测,2077AI is also listed as an affiliation in research on MMAR,https://arxiv.org/html/2505.13032v1,2025-05,论文/搜索摘要,低
Abaka AI（2077AI）,Spinel Capital、Future Value Capital,其他,投资方,A轮800万美元，累计2000万美元,Total funding has reached $20 million from investors like Spinel Capital and Future Value Capital,https://finance.yahoo.com/sectors/technology/articles/abaka-ai-secures-8m-expand-140242975.html,2025/2026（未核）,融资稿,高
Abaka AI（2077AI）,frontier AI labs 与世界500强（未具名）,frontier lab,客户,多模态数据/专家标注/评测,Their clients include frontier AI labs and Fortune 500s,https://www.linkedin.com/in/abakaai/,未核,官方社媒/搜索摘要,低
Abaka AI（2077AI）,上海人工智能实验室 OpenDataLab（OmniDocBench）,高校研究机构,论文致谢,OmniDocBench 数据集标注,Thank [2077AI](https://2077ai.com) for supporting the dataset annotation.,https://github.com/opendatalab/OmniDocBench,2024-12起,GitHub README（已核对原文）,高
Abaka AI（2077AI）,字节跳动 豆包 Seed（SuperGPQA）,科技大厂,共建基准,SuperGPQA 285 学科研究生级基准，2077AI 构建、Abaka 为核心贡献者,"SuperGPQA…constructed by 2077AI Open Source Foundation, with Abaka AI serving as a core contributor",https://seed.bytedance.com/en/blog/doubao-seed-team-launched-supergpqa-an-open-source-benchmark-test-set-covering-285-disciplines,2025-03,官方博客+Abaka 博客（搜索摘要）,中
Abaka AI（2077AI）,PublicAI,AI 应用公司,合作,1024 万美元战略合作，为 KOR-Bench/SuperGPQA 征集难题,PublicAI Joins Forces with Abaka AI in $10.24M Global Mission,https://finance.yahoo.com/news/publicai-joins-forces-abaka-ai-153200161.html,2025,新闻稿（搜索摘要）,中
晴数智慧 Magic Data（原爱数智慧）,微软,frontier lab,官网客户墙（转述）,对话式AI/语音/多轮对话数据集,客户包括微软、高通、英伟达、阿里巴巴、百度、腾讯等国内外近300家合作伙伴,https://www.magicdatatech.cn/,未知,官网/导航站（搜索摘要）,低
晴数智慧 Magic Data（原爱数智慧）,高通,企业,官网客户墙（转述）,对话式AI/语音/多轮对话数据集,客户包括微软、高通、英伟达、阿里巴巴、百度、腾讯等国内外近300家合作伙伴,https://www.magicdatatech.cn/,未知,官网/导航站（搜索摘要）,低
晴数智慧 Magic Data（原爱数智慧）,英伟达,科技大厂,官网客户墙（转述）,对话式AI/语音/多轮对话数据集,客户包括微软、高通、英伟达、阿里巴巴、百度、腾讯等国内外近300家合作伙伴,https://www.magicdatatech.cn/,未知,官网/导航站（搜索摘要）,低
晴数智慧 Magic Data（原爱数智慧）,阿里巴巴,科技大厂,官网客户墙（转述）,对话式AI/语音/多轮对话数据集,客户包括微软、高通、英伟达、阿里巴巴、百度、腾讯等国内外近300家合作伙伴,https://www.magicdatatech.cn/,未知,官网/导航站（搜索摘要）,低
晴数智慧 Magic Data（原爱数智慧）,百度,科技大厂,官网客户墙（转述）,对话式AI/语音/多轮对话数据集,客户包括微软、高通、英伟达、阿里巴巴、百度、腾讯等国内外近300家合作伙伴,https://www.magicdatatech.cn/,未知,官网/导航站（搜索摘要）,低
晴数智慧 Magic Data（原爱数智慧）,腾讯,科技大厂,官网客户墙（转述）,对话式AI/语音/多轮对话数据集,客户包括微软、高通、英伟达、阿里巴巴、百度、腾讯等国内外近300家合作伙伴,https://www.magicdatatech.cn/,未知,官网/导航站（搜索摘要）,低
晴数智慧 Magic Data（原爱数智慧）,微软、高通、英伟达、阿里巴巴、百度、腾讯,科技大厂,官网客户墙（转述）,对话式AI/语音数据,客户包括微软、高通、英伟达、阿里巴巴、百度、腾讯等国内外近300家合作伙伴,https://www.magicdatatech.cn/about,未核,官网/搜索摘要,低
晴数智慧 Magic Data（原爱数智慧）,凡创资本,其他,投资方,B轮数千万元,2021年初完成B轮融资…由凡创资本投资,https://pitchhub.36kr.com/project/1679626708439811,2021,融资信息/搜索摘要,低
恺望数据,字节跳动,科技大厂,客户,AI大模型数据,在AI大模型领域的合作客户包括商汤、字节跳动与文心一言等,https://startup.aliyun.com/info/1062313.html,约2023（Pre-A）,融资稿/搜索摘要,中
恺望数据,百度（文心一言）,科技大厂,客户,AI大模型数据,合作客户包括商汤、字节跳动与文心一言等,https://startup.aliyun.com/info/1062313.html,约2023（Pre-A）,融资稿/搜索摘要,中
恺望数据,商汤,AI应用公司,客户,AI大模型数据,合作客户包括商汤、字节跳动与文心一言等,https://startup.aliyun.com/info/1062313.html,约2023（Pre-A）,融资稿/搜索摘要,中
恺望数据,长安、广汽、奇瑞、上汽,企业,客户,自动驾驶数据采集标注,在自动驾驶领域与长安、广汽、奇瑞、上汽等车企…建立合作关系,https://startup.aliyun.com/info/1062313.html,约2023（Pre-A）,融资稿/搜索摘要,中
恺望数据,毫末、旷视、元戎,垂直AI,客户,自动驾驶数据,以及毫末、旷视、元戎等自动驾驶公司建立合作关系,https://startup.aliyun.com/info/1062313.html,约2023（Pre-A）,融资稿/搜索摘要,中
恺望数据,亦庄产业升级基金、华方资本、天际资本（联合领投）,政府,投资方,逾亿元战略融资,由北京亦庄产业升级基金、华方资本、天际资本多方联合领投,https://news.pedaily.cn/202608/567244.shtml,2026-08-04,融资稿,高
恺望数据,鹿明机器人、松延动力、自变量机器人、觅蜂科技（智元旗下）,垂直AI,投资方,具身智能公司跟投（亦为数据需求方）,鹿明机器人、松延动力、自变量机器人、智元旗下觅蜂科技等头部具身智能公司跟投,https://news.pedaily.cn/202608/567244.shtml,2026-08-04,融资稿,高
恺望数据,亚盛投资,其他,投资方,Pre-A轮数千万元,完成数千万元Pre-A轮融资，亚盛投资领投,https://startup.aliyun.com/info/1062313.html,约2023,融资稿,中
龙猫数据,月之暗面（Kimi）,国内大模型公司,客户,大模型数据采集/标注,龙猫数据的大模型客户包括月之暗面（Kimi）、智谱AI、腾讯混元,https://www.sohu.com/a/873181553_701215,未核（约2025）,媒体软文/搜索摘要,低
龙猫数据,智谱AI,国内大模型公司,客户,大模型数据采集/标注,大模型客户包括月之暗面（Kimi）、智谱AI、腾讯混元,https://www.sohu.com/a/873181553_701215,未核（约2025）,媒体软文/搜索摘要,低
龙猫数据,腾讯混元,科技大厂,客户,大模型数据采集/标注,大模型客户包括…腾讯混元；2022年成为腾讯核心供应商,https://www.sohu.com/a/873181553_701215,未核（约2025）,媒体软文/搜索摘要,低
龙猫数据,三星、大疆、阿里、字节跳动,科技大厂,客户,终端/互联网数据采集标注,客户…包括终端与互联网领域的三星、大疆、腾讯、阿里、字节跳动,https://www.sohu.com/a/873181553_701215,未核（约2025）,媒体软文/搜索摘要,低
龙猫数据,蔚来、理想、博世,企业,客户,自动驾驶数据标注,自动驾驶领域的蔚来、理想、博世等,https://www.sohu.com/a/873181553_701215,未核（约2025）,媒体软文/搜索摘要,低
龙猫数据,金沙江创投（领投）、九合创投、不惑创投,其他,投资方,A轮3370万元,A轮融资，本轮由金沙江创投领投，九合创投、不惑创投继续跟投,https://36kr.com/p/1721971671041,未核（早于2024）,融资稿/搜索摘要,低
龙猫数据,KIP中国（领投）,其他,投资方,Pre-B轮3300万元,获3300万元Pre-B轮融资，KIP中国领投,https://m.pedaily.cn/news/451946,未核（早于2024）,融资稿/搜索摘要,低
曼孚科技 MindFlow,阿里巴巴/百度/字节跳动/网易,科技大厂,官网客户墙（转述）,CV/语音/NLP数据标注（SEED平台）,服务的客户涵盖阿里巴巴、百度、字节跳动、网易等科技企业,https://www.pencilnews.cn/p/38791.html,2020前后,媒体报道（铅笔道，搜索摘要）,低
曼孚科技 MindFlow,阿里巴巴、字节跳动、百度、科大讯飞、旷视、好未来,科技大厂,客户,自动驾驶/安防/人脸等数据标注,主要客户…包括阿里巴巴、字节跳动、百度、科大讯飞、旷视、好未来等,https://www.mindflow.com.cn/NewsStd_858.html,2022-07,官网融资稿/搜索摘要,低
曼孚科技 MindFlow,头部大模型公司（未具名）,国内大模型公司,客户,大模型数据,国内用户包括主机厂…一线科技公司以及头部大模型公司等,http://www.keji.wang/11662.html,2025-07,融资稿/搜索摘要,中
曼孚科技 MindFlow,嘉远资本,其他,投资方,B+++轮近亿元,完成近亿元B+++轮融资，本轮投资方为嘉远资本,https://www.mindflow.com.cn/NewsStd_1174.html,2025-07,官网融资稿,高
曼孚科技 MindFlow,安朴资本,其他,投资方,B轮数千万元,曼孚科技完成数千万元B轮融资，安朴资本投资,https://startup.aliyun.com/info/1066147.html,2023-10,融资稿/搜索摘要,中
曼孚科技 MindFlow,凯复资本,其他,投资方,Pre-B轮5000万元,完成5000万元Pre-B轮融资，凯复资本及公司管理团队投资,https://m.cyzone.cn/article/713967.html,2022-07,融资稿/搜索摘要,中
UniPat AI,阿里巴巴,科技大厂,投资方,领投3亿美元融资，估值25亿美元（谈判中）,阿里巴巴据悉领投AI初创UniPat 估值25亿美元,https://news.qq.com/rain/a/20260910A075JF00,2026-09-10,媒体（搜索摘要）,中
UniPat AI,腾讯,科技大厂,投资方,参投,Tencent and existing investors like Sequoia China are also participating,https://news.qq.com/rain/a/20260910A0AI5600,2026-09-10,媒体（搜索摘要）,中
UniPat AI,字节跳动 Seed（Seed2.0）,国内大模型公司,合作,模型发布采用其 BabyVision 基准（基准被采用，非付费客户关系）：BabyVision 基准被 Seed2.0 模型卡采用（基准采纳，非付费关系）,"BabyVision…adopted by…Seed2.0, Qwen3.5, and Kimi K2.5 in their evaluation systems",https://arxiv.org/pdf/2607.00248,2026-07,论文/模型卡（搜索摘要）,中
UniPat AI,阿里 通义 Qwen3.5,国内大模型公司,合作,模型发布采用其 BabyVision 基准（基准被采用，非付费客户关系）：BabyVision 被 Qwen3.5 模型卡报告（基准采纳）,Qwen3.5-397B achieved a BabyVision score of 43.3,https://huggingface.co/Qwen/Qwen3.5-397B-A17B,2026,模型卡（搜索摘要）,中
UniPat AI,月之暗面 Kimi K2.5,国内大模型公司,合作,模型发布采用其 BabyVision 基准（基准被采用，非付费客户关系）：BabyVision 被纳入 Kimi K2.5 评测（媒体称；GitHub README 未见，待核）,"has been adopted by…Seed2.0, Qwen3.5, and Kimi K2.5",https://eu.36kr.com/en/p/3997143103311749,2026-09,媒体（搜索摘要）,低
UniPat AI,红杉中国 xbench,其他,共建基准,BabyVision 由 xbench 与 UniPat 团队及多家模型公司研究者共建,BabyVision was developed by Sequoia Capital China's xbench in collaboration with UniPat AI team,https://finance.sina.cn/stock/jdts/2026-08-16/detail-ininnkfv8014751.d.html,2026-08-16,媒体（搜索摘要）,中
星尘数据 Stardust,华为云,科技大厂,合作,智驾数据标注,星尘数据与华为云达成战略合作，双方将围绕智驾数据展开深度合作,https://blog.csdn.net/stardust_ai/article/details/131858898,2023-07,官方博客,低
星尘数据 Stardust,百度、小米、京东,科技大厂,客户,数据标注,星尘数据的服务客户包括百度、小米、京东等,https://www.pencilnews.cn/p/19222.html,未核（早于2024）,媒体报道/搜索摘要,低
星尘数据 Stardust,华为云,科技大厂,合作,智驾数据；ModelArts标注平台合作伙伴,与华为云达成战略合作，双方将围绕智驾数据展开深度合作,https://blog.csdn.net/Stardust_ai/article/details/131858898,2023-07,官方博客/搜索摘要,中
星尘数据 Stardust,华为云盘古大模型生态,科技大厂,合作,大模型生态伙伴,受邀参加盘古大模型发布会，与华为云共同构建企业AI生态,https://blog.csdn.net/stardust_ai/article/details/131665553,2023-07,官方博客/搜索摘要,低
星尘数据 Stardust,华映资本（领投）、厚天资本、瑞夏资本,其他,投资方,A轮5000万元,完成5000万元A轮融资，华映资本领投,https://finance.sina.cn/tech/2023-01-04/detail-imxyzfyi9043456.d.html,2023-01-04,融资稿/搜索摘要,中
整数智能 MolarData,拓维信息,企业,合作,搭载DeepSeek的智能数据标注一体机,整数智能x拓维信息：联合首发搭载DeepSeek的智能数据标注一体机,https://www.molardata.com/article/DeepSeek,2025,官网新闻,中
整数智能 MolarData,峰瑞资本（领投）、藕舫天使,其他,投资方,A轮数千万元,完成数千万元A轮融资，由峰瑞资本领投，老股东藕舫天使跟投,https://36kr.com/p/2902815664806528,2024-08-12,融资稿,高
整数智能 MolarData,上海库帕思科技,企业,合作,共建语料生态产业链,整数智能与上海库帕思科技签订协议，合作共建语料生态产业链,https://www.molardata.com/article/kupasi,未核,官网新闻标题/搜索摘要,中
整数智能 MolarData,头部车企与智能驾驶算法客户（未具名）,企业,客户,4D标注，累计交付超100万公里,已与多家头部车企与智能驾驶算法客户达成深度合作,https://36kr.com/p/2902815664806528,2024-08-12,融资稿/搜索摘要,中
景联文科技,华为数据存储,科技大厂,合作,AI数据湖数据工程联合解决方案,2025年华为中国合作伙伴大会上，华为携手景联文科技发布面向AI数据湖的数据工程联合解决方案,https://www.sohu.com/a/969189528_121696146,2025,媒体软文/搜索摘要,中
景联文科技,头部手机厂商和大模型公司（未具名）,国内大模型公司,客户,AI训练数据,已经成为国内众多头部手机厂商和大模型公司的核心AI数据服务供应商,https://news.qq.com/rain/a/20250528A03YF900,2025-05-28,融资稿(36氪首发),中
景联文科技,杭州金投集团旗下基金,政府,投资方,Pre-A轮数千万元,完成数千万元Pre-A轮融资，投资方为杭州金投集团旗下基金,https://www.jiemian.com/article/12836464.html,2025-05-28,融资稿,高
景联文科技,约60家大模型公司（未具名）,国内大模型公司,客户,K12-高教题库（3亿道题）,我们有3亿道题，至少60家大模型要买,https://news.qq.com/rain/a/20230908A060EN00,2023-09-08,媒体专访,低
博登智能 Boden AI,阿里云,科技大厂,合作,升级AI数据标注服务,阿里云携手博登智能，升级AI数据标注服务,https://finance.sina.com.cn/tech/roll/2025-05-20/doc-inexfenz6996664.shtml,2025-05-20,媒体报道,中
博登智能 Boden AI,多家大模型企业（未具名）,国内大模型公司,客户,真实世界数据治理、跨模态对齐,在大模型领域…已与多家大模型企业达成深度合作,https://startup.aliyun.com/info/1093634.html,2025-06,融资稿/搜索摘要,中
博登智能 Boden AI,国和投资（上海国际集团）,政府,投资方,A轮亿元,完成亿元A轮融资，由…国和投资进行独家投资,https://finance.sina.com.cn/jjxw/2025-06-10/doc-inezpuqn5913559.shtml,2025-06-10,融资稿,高
博登智能 Boden AI,鼎晖百孚、清新资本、鲁信创投、深产投,其他,投资方,A+/A++轮数亿元,本轮融资由鼎晖百孚、清新资本、鲁信创投、深产投等多家知名机构联合投资,https://finance.sina.com.cn/tech/roll/2026-06-02/doc-inhzyxft1727801.shtml,2026-06-02,融资稿,高
库帕思 Kupas（上海语料公司）,上海电信,企业,合作,AI+数据语料融合应用、垂类智能体,上海电信与库帕思共同签署战略合作协议，聚焦人工智能技术与数据语料融合应用,https://news.qq.com/rain/a/20250428A09H2U00,2025-04-28,媒体报道（腾讯新闻）,中
库帕思 Kupas（上海语料公司）,上海智元新创（智元机器人）,垂直 AI,合作,具身智能行业语料库构建、标准共建,库帕思与上海智元新创技术有限公司签署战略合作协议…行业语料库构建,https://finance.sina.com.cn/roll/2025-03-05/doc-inenqtkr1902664.shtml,2025-03-05,媒体报道（新浪财经，搜索摘要）,中
库帕思 Kupas（上海语料公司）,整数智能,其他,合作,共建语料生态产业链,整数智能与上海库帕思科技签订协议，合作共建语料生态产业链,https://www.molardata.com/article/kupasi,未知,官网新闻,中
热热数据（汇洲智能 002122）,字节跳动,科技大厂,客户,数据采集与标注（EnableAI平台）,EnableAI为客户提供AI应用开发全生命周期的数据服务，客户包括字节,https://finance.sina.com.cn/stock/relnews/cn/2025-01-21/doc-ineftmqx8608154.shtml,2025-01-21,媒体报道（新浪财经，搜索摘要）,中
热热数据（汇洲智能 002122）,小红书,AI 应用公司,客户,内容审核业务,内容审核业务实现同比增长，其中来自小红书的收入新增明显,https://finance.sina.com.cn/stock/relnews/cn/2025-01-21/doc-ineftmqx8608154.shtml,2025-01-21,媒体报道（新浪财经，搜索摘要）,中
热热数据（汇洲智能 002122）,互联网头部企业（未具名）,科技大厂,客户变动（停止合作等）,公司澄清：数据标注服务营收贡献很小（“字节第一大供应商”系传言）,控股子公司热热数据为部分互联网头部企业提供数据采集和标注服务，但该服务对公司营收贡献很小,https://finance.eastmoney.com/a/202601213625461723.html,2026-01-21,媒体报道（引公司互动回复）,中
倍赛 BasicFinder,中国科学院、京东、商汤、科大讯飞、腾讯,科技大厂,官网客户墙（转述）,数据采集标注,已服务过中国科学院、京东、商汤、科大讯飞、腾讯等数百家知名企业及机构,https://www.basicfinder.com/AboutUs/company/,未核,官网/搜索摘要,低
倍赛 BasicFinder,东方嘉富（领投）,其他,投资方,B轮,完成B轮融资，由东方嘉富领投,https://www.qbitai.com/2021/08/28121.html,2021-08,融资稿,低
倍赛 BasicFinder,五岳资本、TalkingData,其他,投资方,A轮数千万元,A轮融资，由五岳资本和Talkingdata投资,https://m.newseed.cn/news/1355191,未核（早于2024）,融资信息/搜索摘要,低
智能知识（一面千识）,头部大模型公司（未具名）,国内大模型公司,客户,专家数据：Coding、Enterprise Office、Agentic Tool Use,已获得头部大模型公司订单，完成初步PMF,https://zhuanlan.zhihu.com/p/2044128857192714401,2026-06,融资通稿（搜索摘要）,中
智能知识（一面千识）,锦秋基金、耀途资本,其他,投资方,天使轮,完成天使轮融资，锦秋基金、耀途资本联合投资,https://human-intelligence.xpertiise.com/blog/series-a-financing-announcement/,2026-06,官网博客（搜索摘要）,高
智能知识（一面千识）,五源资本、奇绩创坛,其他,投资方,种子轮,种子轮获得五源资本和奇绩创坛投资,https://news.qq.com/rain/a/20260608A079S700,2026-06-08,投资方新闻（搜索摘要）,中
司南 OpenCompass（上海AI Lab）,Meta、阿里巴巴、腾讯、百度等30余家,科技大厂,合作,采用司南评测体系开展研发,已有包括Meta、阿里巴巴、腾讯、百度等30余家国内外企业和科研机构采用“司南”,https://www.shlab.org.cn/news/5443858,2024-01,官网新闻（搜索摘要）,低
司南 OpenCompass（上海AI Lab）,东方财富,金融机构,共建基准,OpenFinData 金融评测集,与东方财富等行业伙伴共同推出…OpenFinData,https://www.shlab.org.cn/news/5443858,2024-01,官网新闻（搜索摘要）,低
司南 OpenCompass（上海AI Lab）,腾讯朱雀实验室、腾讯科恩实验室,科技大厂,共建基准,SecBench 网络安全评测,与腾讯朱雀实验室、腾讯安全科恩实验室…共同打造…SecBench,https://www.shlab.org.cn/news/5443858,2024,官网新闻（搜索摘要）,低
澳鹏中国 Appen China,未具名AI科技厂商,AI 应用公司,客户,图文大模型：超50亿对图文对描述数据,为某AI科技厂商提供图像文本描述数据服务，提供高质量图文对超过50亿对,https://tech.chinadaily.com.cn/a/202503/13/WS67d2a07aa310510f19eeb60f.html,2025-03-13,新闻稿（中国日报网）,中
澳鹏中国 Appen China,大模型AI企业（未具名）,国内大模型公司,客户,大模型/AIGC数据，业务增长526%,几乎所有AI龙头，特别是大模型AI企业都成为了澳鹏的客户,https://tech.chinadaily.com.cn/a/202503/13/WS67d2a07aa310510f19eeb60f.html,2025-03-13,媒体报道/搜索摘要,中
百度智能云数据众包,百度文心一言（内部）,国内大模型公司,客户,海口大模型数据标注基地为文心一言做RLHF/标注,实探百度智能云海口数据标注基地，揭秘让文心一言变聪明的幕后功臣,https://m.c114.com.cn/w5339-1241137.html,2023-08,媒体报道（C114）,低
百度智能云数据众包,清华大学,高校研究机构,共建基准,十亿像素级视频数据集PANDA,百度智能云数据众包与清华大学合作推进全球首个十亿像素级视频数据集PANDA的建设,https://cloud.baidu.com/solution/aidataservice/colleciton-annotation.html,未知,官网（搜索摘要）,低
深圳数据交易所,北京瑞莱智慧科技有限公司,AI 应用公司,客户,语料数据场内交易首单（买方；卖方为哈工大深圳）,成功链接哈尔滨工业大学（深圳）与北京瑞莱智慧…实现全国首个语言语料数据实质性场内交易闭环,https://www.sznews.com/news/content/2023-11/27/content_30612002.htm,2023-11-27,媒体报道（深圳新闻网）,低
深圳数据交易所,华为云/中国信通院,科技大厂,合作,可信数据空间创新实验室：大模型语料合规流通,联合中国信通院、华为云等升级可信数据空间创新实验室，打造大模型语料安全合规流通新路径,https://www.ygacity.com/tech/20231124/11616.html,2023-11-24,媒体报道,低
北京国际大数据交易所（北京数据集团）,中国知网/中文在线/中汽智联/中国搜索等36家,企业,合作,首批大模型高质量训练数据集供给方（数商）,联合北科院…中国知网、中汽智联、北方健康、中文在线、中国搜索、牡丹集团等36家机构及企业提供大模型语料,http://bj.people.com.cn/n2/2024/0704/c14540-40901693.html,2024-07-04,媒体报道（人民网，搜索摘要）,低
北京国际大数据交易所（北京数据集团）,中国移动北京/北京电信/北京联通/工行北京分行等,企业,合作,北京数据集团揭牌时签署战略合作,北京数据集团与中国移动北京、中国电信北京分公司、中国联通北京分公司…工商银行北京分行等签署战略合作,https://peking.bjd.com.cn/content/s68c2dd24e4b02424b0c012fa.html,2025-09,媒体报道（北京日报，搜索摘要）,低
希尔贝壳 AISHELL,阿里、腾讯、京东、联想、百度,科技大厂,客户,语音数据采标,希尔贝壳的客户包括阿里、腾讯、京东、联想、百度等,https://www.leiphone.com/category/industrynews/bXNAQjBHT9qquZzg.html,未核（早于2024）,媒体报道/搜索摘要,低
希尔贝壳 AISHELL,西北工业大学音频语音与语言处理研究组,高校研究机构,合作,联合实验室（智能语音与多模态数据）,2019年与西北工业大学音频语音与语言处理研究组联合成立…实验室,https://www.leiphone.com/category/industrynews/bXNAQjBHT9qquZzg.html,2019,媒体报道/搜索摘要,低
Copula Lab（上海科谱朗智）,前沿模型团队（未具名）,frontier lab,官网客户墙（转述）,专家工作流 SFT 数据、RL 环境,The teams building frontier models come to them for data and environments,https://www.copulalab.com/,2026,官网（搜索摘要）,低
智源 FlagEval,北京大学,高校研究机构,共建基准,HalluDial 幻觉评测集,与北京大学共建的HalluDial幻觉评测集,https://hub.baai.ac.cn/view/42023,2024-12,官方社区（搜索摘要）,中
智源 FlagEval,北京师范大学,高校研究机构,共建基准,CMMU 多模态评测集,与北师大共建的CMMU多模态评测集,https://hub.baai.ac.cn/view/42023,2024-12,官方社区（搜索摘要）,中
SuperCLUE（CLUE）,160+ 中大型企业（未具名）,企业,客户,基于 SuperCLUE-RAG 体系的 POC 验证与落地,已服务160+中大型企业完成大模型应用POC验证与落地,https://www.53ai.com/news/qianyanjishu/265.html,2024,行业媒体（搜索摘要）,低
xbench（红杉中国）,多家头部猎头公司（未具名）,企业,共建基准,招聘领域 profession-aligned 评测,与多家头部猎头公司合作分析专家工作任务,https://www.hongshan.com/article/%E4%BB%8A%E5%A4%A9%EF%BC%8C%E6%88%91%E4%BB%AC%E6%8E%A8%E5%87%BAxbench/,2025-05-26,官网（搜索摘要）,中
xbench（红杉中国）,头部营销公司（未具名）,企业,共建基准,营销领域评测：50 个真实推广需求案例,"collaborated with leading marketing companies, collecting 50 real promotion requirement cases",https://www.qbitai.com/2025/05/288023.html,2025-05,媒体（搜索摘要）,中
京东众智（京东云）,京东（言犀/ViTAE大模型，内部）,科技大厂,客户,电商商品内容生成、智能仓储等“标-训-推”一体化,京东云自研了众智标注平台与言犀、ViTAE大模型，构建“标-训-推”一体化数据处理模式,https://www.nda.gov.cn/sjj/zhuanti/sjbz/0513/20250513163322036528711_pc.html,2025-05-13,政府案例（国家数据局数据标注优秀案例）,高
上海数据交易所,上海人工智能实验室（中国大模型语料数据联盟）,高校研究机构,合作,大模型语料数据联盟成员、语料专区,上海数据交易所等9家新成员单位加入“中国大模型语料数据联盟”,https://www.shlab.org.cn/news/5443485,2023-09,官网新闻,低
云测数据 Testin Data,百度AI市场,科技大厂,合作,数据标注服务上架百度AI市场（渠道）,Testin人工智能数据标注_市场报价 - 百度AI市场,https://aim.baidu.com/product/1e83127d-ed6c-4697-8403-bdde8e2e5b6c,未核,平台页面标题/搜索摘要,低
AGI-Eval（美团等发起）,上海交通大学,高校研究机构,共建基准,CoreCodeBench 工程级代码评测,美团M17团队与上海交大联合发布…CoreCodeBench,https://tech.meituan.com/2025/07/17/meituan-m17-oibench-corecodebench.html,2025-07-17,官方技术博客（搜索摘要）,高
字节跳动 Xpert（内部专家平台）,字节跳动 Seed/豆包,科技大厂,客户,内部自建专家/众包平台，为本公司模型供数：自建专家标注/评测社区，8万+专家，时薪200–500元（竞品/买方自建）,"汇聚各领域顶尖专家…超过80,000名专家加入",https://xpert.bytedance.com/,2025-2026,官网（搜索摘要）,中
阿里 晓天睿士（内部专家平台）,阿里巴巴（通义/千问）,科技大厂,客户,内部自建专家/众包平台，为本公司模型供数：自建专家社区：影视、法律、金融、通用指令专家；最高时薪约1000元,晓天睿士专家社区…提供高质量的专家数据,https://www.siriser.com/siriser/home,2026,官网（搜索摘要）,中
腾讯 AI Expert（内部专家平台）,腾讯（混元）,科技大厂,客户,内部自建专家/众包平台，为本公司模型供数：自建 AI 专家社区汇聚垂直领域人才,腾讯拥有AI Expert平台，通过组建AI专家社区汇聚垂直领域人才,https://finance.sina.com.cn/tech/roll/2025-12-16/doc-inhaxefx3811644.shtml,2025-12-16,媒体（搜索摘要）,低
百度众测（内部众包/专家）,百度智能云 千帆,科技大厂,客户,内部自建专家/众包平台，为本公司模型供数：SFT、RM、模型评估标注；多领域专家资源库（计算机/法律/医疗）,可为客户…完成包括SFT、RM、模型评估等各类大模型数据标注任务,https://cloud.baidu.com/doc/qianfan/s/Mmh4su9hk,2025,官方文档（搜索摘要）,中
